{
    "weight": -0.02144894696987566,
    "bias": 8499.593063187365
}