{
    "weight": -0.021429473050707335,
    "bias": 8491.87611612658
}